hour,minute,second,action,params
12,00,05,request,https://example.com
12,00,10,request,https://google.com
12,00,15,request,https://ya.ru
12,00,20,request,https://github.com
12,00,25,request,https://stackoverflow.com
12,00,30,request,https://httpbin.org/get
12,00,35,request,https://httpbin.org/headers
12,00,40,request,https://httpbin.org/ip
12,00,45,request,https://httpbin.org/user-agent
12,00,50,request,https://example.com/test
12,00,55,request,https://google.com/search?q=test
12,01,00,request,https://ya.ru/search?text=test
12,01,05,request,https://github.com/explore
12,01,10,request,https://stackoverflow.com/questions
12,01,15,request,https://httpbin.org/status/200
12,01,20,request,https://httpbin.org/delay/1
12,01,25,request,https://httpbin.org/uuid
12,01,30,request,https://example.com/api
12,01,35,request,https://google.com/maps
12,01,40,request,https://ya.ru/news